id,name,image_url,price,saleprice,url,category,type
23039783-1,Calvin Klein Eternity Women EDP - 100 ml,http://img.fkcdn.com/image/perfume/d/p/t/eau-de-parfum-calvin-klein-100-eternity-women-400x400-imaeg83rgzmy7uea.jpeg,5800,5800,https://www.flipkart.com/calvin-klein-eternity-women-edp-100-ml/p/itmekqg3j5stqzmf?pid=PERDYZ9H2YT2UDPT&affid=affiliate7&affExtParam1=site, Beauty & Health  ,popular
33806099-1,Roberto Cavalli Roberto Cavalli Gold Eau de Parfum - 75 ml,http://img.fkcdn.com/image/perfume/r/3/a/eau-de-parfum-roberto-cavalli-75-roberto-cavalli-gold-400x400-imaeffajzysqhjeh.jpeg,5250,3800,https://www.flipkart.com/roberto-cavalli-gold-eau-de-parfum-75-ml/p/itmef6gjjwfy3aqj?pid=PEREF6GJUBGGMR3A&affid=affiliate7&affExtParam1=site, Beauty & Health  ,popular
5918794-4,Catwalk Women Black Sandals,"http://assets.myntassets.com/,q_95,w_480/v1/images/style/properties/Catwalk-Women-Flats_b5e8bb0e22d2d81f6798f10eb062f80f_images.jpg",1495,598,https://www.myntra.com/flats/catwalk/catwalk-women-black-sandals/471715/buy?utm_source=cuelinks&utm_medium=affiliate, Flats,popular
13866383-3,"TYYC This Girl is Going to be a Mommy Printed Cushion Cover - 16X16 Inches, Gifts for New Moms, would be mom",http://ecx.images-amazon.com/images/I/41KZ0fdXsxL._SX425_.jpg,399,399,http://www.amazon.in/dp/B01F0Y88EA/ref=asc_df_B01F0Y88EA41294577/?tag=indiashopps-21&creative=165953&creativeASIN=B01F0Y88EA&linkCode=df0, Furniture  ,popular
39922216-1,Giftsmate Amazing Mom Mousepad,http://img.fkcdn.com/image/mousepad/d/s/p/giftsmate-amazing-mom-400x400-imaeh5pehhuwz5eq.jpeg,349,249,https://www.flipkart.com/giftsmate-amazing-mom-mousepad/p/itmeh5vrkryqjwbj?pid=ACCEH5VRCRMQ3DSP&affid=affiliate7&affExtParam1=site,Accessories,popular
39922221-1,Giftsmate Blessed with Mom Mousepad,http://img.fkcdn.com/image/mousepad/z/u/s/giftsmate-blessed-with-mom-400x400-imaeh5pevpsxbnuu.jpeg,349,249,https://www.flipkart.com/giftsmate-blessed-mom-mousepad/p/itmeh5vqegg7htqh?pid=ACCEH5VQ6SARZZUS&affid=affiliate7&affExtParam1=site,Accessories,popular
1043923-3,Philips HP8100/06 Hair Dryer,https://images-eu.ssl-images-amazon.com/images/I/31kznaPcZQL._SL160_.jpg,775,651,http://www.amazon.in/dp/B005YVU672/ref=asc_df_B005YVU67241293636/?tag=indiashopps-21&creative=165953&creativeASIN=B005YVU672&linkCode=df0,Accessories  ,popular
8946973-3,Youbella Precious Gold Plated Bangle Set For Women (2.4),https://images-eu.ssl-images-amazon.com/images/I/61UpHaVj6BL._SL160_.jpg,999,299,http://www.amazon.in/dp/B01E60WY7G/ref=asc_df_B01E60WY7G38843129/?tag=indiashopps-21&creative=165953&creativeASIN=B01E60WY7G&linkCode=df0,Bangles,popular
16503439-3,YouBella Gold Plated Bangles Jewellery For Girls/Women (2.4),https://images-eu.ssl-images-amazon.com/images/I/41j0AeE9GJL._SL160_.jpg,999,329,http://www.amazon.in/dp/B01N98XOJ7/ref=asc_df_B01N98XOJ738843129/?tag=indiashopps-21&creative=165953&creativeASIN=B01N98XOJ7&linkCode=df0,Bangles,popular
7162850-3,Yellow Chimes Rich Royal Blue Crystal High Grade Cz Chain Bracelet For Women,https://images-eu.ssl-images-amazon.com/images/I/51qmerd-mEL._SL160_.jpg,3450,999,http://www.amazon.in/dp/B00ZXN3STO/ref=asc_df_B00ZXN3STO38843129/?tag=indiashopps-21&creative=165953&creativeASIN=B00ZXN3STO&linkCode=df0,Bangles,popular
16455134-3,YouBella Jewellery Combo Of Five Trendy Traditional Bangles Set For Women and Girls,http://ecx.images-amazon.com/images/I/513p5EE5zwL._SX425_.jpg,1999,425,http://www.amazon.in/dp/B01MSR9VOW/ref=asc_df_B01MSR9VOW38843129/?tag=indiashopps-21&creative=165953&creativeASIN=B01MSR9VOW&linkCode=df0,Bangles  ,popular
5705073-4,Catwalk Women Silver-Toned Sandals,"http://assets.myntassets.com/,q_95,w_480/v1/assets/images/1607733/2016/11/2/11478066723879-Catwalk-Women-Heels-491478066723746-2.jpg",1995,997,https://www.myntra.com/heels/catwalk/catwalk-women-silver-toned-sandals/1607733/buy?utm_source=cuelinks&utm_medium=affiliate,Casual Shoes & Sneakers,popular
7851059-3,Zeneme Temple Coin Necklace and Temple Coin Gold Plated Bangles combo,https://images-eu.ssl-images-amazon.com/images/I/51KSPKzWW8L._SL160_.jpg,3999,499,http://www.amazon.in/dp/B01BMTBUJC/ref=asc_df_B01BMTBUJC38843129/?tag=indiashopps-21&creative=165953&creativeASIN=B01BMTBUJC&linkCode=df0,Chains & Necklaces,popular
16352430-3,Sukkhi Gorgeous Peacock Gold Plated Set of 3 Necklace Set Combo For Women,https://images-eu.ssl-images-amazon.com/images/I/51MkMSst6JL._SL160_.jpg,5594,839,http://www.amazon.in/dp/B01LB3PLU8/ref=asc_df_B01LB3PLU838843129/?tag=indiashopps-21&creative=165953&creativeASIN=B01LB3PLU8&linkCode=df0,Chains & Necklaces,popular
10246462-3,"Mothers Day Gifts, Giftsmate Best Mom Ever Canvas Wall Clock for Mom, Living room (12 X 12)",https://images-eu.ssl-images-amazon.com/images/I/415rT2zwykL._SL160_.jpg,1699,1099,http://www.amazon.in/dp/B00VUP96CC/ref=asc_df_B00VUP96CC41294577/?tag=indiashopps-21&creative=165953&creativeASIN=B00VUP96CC&linkCode=df0,Clocks  ,popular
15942939-3,"Giftsmate You Are My Sunshine MDF Round Wall Clock for Home, Diameter - 10 inches",https://images-eu.ssl-images-amazon.com/images/I/51NizX0GrbL._SL160_.jpg,1849,1299,http://www.amazon.in/dp/B00VUPBKGW/ref=asc_df_B00VUPBKGW38842713/?tag=indiashopps-21&creative=165953&creativeASIN=B00VUPBKGW&linkCode=df0,Clocks  ,popular
64441-3,"Maybelline New York Nudes, the Nudes Palette 9gm",https://images-eu.ssl-images-amazon.com/images/I/41GQc0WA4mL._SL160_.jpg,899,674,http://www.amazon.in/dp/B00L0R5494/ref=asc_df_B00L0R549441293952/?tag=indiashopps-21&creative=165953&creativeASIN=B00L0R5494&linkCode=df0,Cosmetics & Makeup,popular
22841450-1,Giftsmate Greatest Mom Ceramic Mug,http://img5a.flixcart.com/image/mug/t/h/e/1-giftsmate-greatest-mom-400x400-imaehm4abzjfhjug.jpeg,499,249,https://www.flipkart.com/giftsmate-greatest-mom-ceramic-mug/p/itmefscgpxhej2kf?pid=MUGEFSCGVSXC3THE&affid=affiliate7&affExtParam1=site,Dining & Serving,popular
22841447-1,Giftsmate Awesome Mom Ceramic Mug,http://img6a.flixcart.com/image/mug/x/g/f/1-giftsmate-awesome-mom-400x400-imaefsyzauzghyk4.jpeg,499,199,https://www.flipkart.com/giftsmate-awesome-mom-ceramic-mug/p/itmefscgck3f3kgw?pid=MUGEFSCGHY93WXGF&affid=affiliate7&affExtParam1=site,Dining & Serving,popular
9714531-3,W for Woman Dupatta (16FE80617-91603_White),http://ecx.images-amazon.com/images/I/41G4lCY3XOL._SX425_.jpg,899,899,http://www.amazon.in/dp/B01A5SVBAE/ref=asc_df_B01A5SVBAE41295095/?tag=indiashopps-21&creative=165953&creativeASIN=B01A5SVBAE&linkCode=df0,Dupattas & Shawls,popular
1812655-3,Mahi Gold-Plated Stud Earings For Women ( GoldER1109175G),https://images-eu.ssl-images-amazon.com/images/I/51qxRtEdDDL._SL160_.jpg,499,299,http://www.amazon.in/dp/B00LNA3ME2/ref=asc_df_B00LNA3ME238843129/?tag=indiashopps-21&creative=165953&creativeASIN=B00LNA3ME2&linkCode=df0,Earring,popular
32998-3,"Lakme Absolute Kohl Ultimate Kajal, 1.2g",https://images-eu.ssl-images-amazon.com/images/I/31MIa7dffuL._SL160_.jpg,725,543,http://www.amazon.in/dp/B006LXBTFK/ref=asc_df_B006LXBTFK41293952/?tag=indiashopps-21&creative=165953&creativeASIN=B006LXBTFK&linkCode=df0,Eye Care,popular
30987-3,"Lakme Absolute Skin Natural Mousse, Ivory Fair 01, 25 g",https://images-eu.ssl-images-amazon.com/images/I/41VfEIZ8BsL._SL160_.jpg,750,611,http://www.amazon.in/dp/B00791F1I4/ref=asc_df_B00791F1I441293952/?tag=indiashopps-21&creative=165953&creativeASIN=B00791F1I4&linkCode=df0,Face Care,popular
23116-3,"Maybelline New York Fit Me Concealer, 25 Medium, 6.8ml",https://images-eu.ssl-images-amazon.com/images/I/314pvsRBtvL._SL160_.jpg,500,500,http://www.amazon.in/dp/B0046VGJJA/ref=asc_df_B0046VGJJA38842731/?tag=indiashopps-21&creative=165953&creativeASIN=B0046VGJJA&linkCode=df0,Face Care,popular
46380-3,"Olay Total Effects 7-in-1 Anti-Ageing BB Day Cream with a Touch Of Foundation SPF15, 50g",https://images-eu.ssl-images-amazon.com/images/I/51ZQ3Cs5vaL._SL160_.jpg,799,549,http://www.amazon.in/dp/B00ENZT7PM/ref=asc_df_B00ENZT7PM41293952/?tag=indiashopps-21&creative=165953&creativeASIN=B00ENZT7PM&linkCode=df0,Face Care,popular
77416-3,"Maybelline Dream Satin Skin Foundation B4 Nude Beige, 30ml",https://images-eu.ssl-images-amazon.com/images/I/31BYgOM7ibL._SL160_.jpg,700,508,http://www.amazon.in/dp/B00W4ZCMGE/ref=asc_df_B00W4ZCMGE41293952/?tag=indiashopps-21&creative=165953&creativeASIN=B00W4ZCMGE&linkCode=df0,Face Care,popular
7415758-3,"Maybelline New York Fit Me Matte Poreless Powder, Classic Ivory 120, 8.5g",https://images-eu.ssl-images-amazon.com/images/I/41lCiBQSPLL._SL160_.jpg,475,474,http://www.amazon.in/dp/B00PFCSO1U/ref=asc_df_B00PFCSO1U41293952/?tag=indiashopps-21&creative=165953&creativeASIN=B00PFCSO1U&linkCode=df0,Face Care,popular
8466711-3,Gift for Mother's Day Gift for Mom Gift for Mother Gift for Women Gift for Mother on her Birthday Gift for Mother Miniature Temple With Ganesh Idol and 1 Greeting Card By TIEDRIBBONS,https://images-eu.ssl-images-amazon.com/images/I/41I5sMB3aRL._SL160_.jpg,1199,599,http://www.amazon.in/dp/B01E5NG9OI/ref=asc_df_B01E5NG9OI41294577/?tag=indiashopps-21&creative=165953&creativeASIN=B01E5NG9OI&linkCode=df0,Flowers & Vases,flower
32164460-1,Kaykon Yellow Wild Flower Artificial Flower,http://img6a.flixcart.com/image/artificial-flower/4/y/u/oct-83-kaykon-400x400-imaec97hbx4xdyhv.jpeg,499,449,https://www.flipkart.com/kaykon-yellow-wild-flower-artificial/p/itmec9y4dfc5yhz2?pid=ARFEC9Y4JNGCP4YU&affid=affiliate7&affExtParam1=site,Flowers & Vases,flower
32164491-1,Bengal Blooms Snowball Green Assorted Artificial Flower,http://img6a.flixcart.com/image/artificial-flower/g/d/j/bb136-bengal-blooms-400x400-imaecsq2hryxfxhh.jpeg,749,599,https://www.flipkart.com/bengal-blooms-snowball-green-assorted-artificial-flower/p/itmecswqbvhaepvj?pid=ARFECSWQQCRSAGDJ&affid=affiliate7&affExtParam1=site,Flowers & Vases,flower
32164492-1,Bengal Blooms New Mokara Purple Orchids Artificial Flower,http://img6a.flixcart.com/image/artificial-flower/u/d/s/bb161-bengal-blooms-400x400-imaecsrayyb8yyfe.jpeg,749,599,https://www.flipkart.com/bengal-blooms-new-mokara-purple-orchids-artificial-flower/p/itmecswqfvceaxz9?pid=ARFECSWQW9CXFUDS&affid=affiliate7&affExtParam1=site,Flowers & Vases,flower
32241935-1,Urban Monk Creations Ceramic Vase,http://img5a.flixcart.com/image/vase/9/c/j/org1927-urban-monk-creations-400x400-imaecyjxkzzgkgg5.jpeg,1499,821,https://www.flipkart.com/urban-monk-creations-ceramic-vase/p/itmecf58ckgkgsvh?pid=VASECF58WMHVF9CJ&affid=affiliate7&affExtParam1=site,Flowers & Vases,flower
32540433-1,Vck Red Assorted Artificial Flower,http://img5a.flixcart.com/image/artificial-flower/j/m/s/afs-112-vck-400x400-imaea4a9dhu8mdgq.jpeg,975,450,https://www.flipkart.com/vck-red-assorted-artificial-flower/p/itmeamcabq3gyczk?pid=ARFEAMCAZYJXTJMS&affid=affiliate7&affExtParam1=site,Flowers & Vases,flower
32277574-1,Exotic Creations Golden Rich Dried Bouquet Gold Assorted Artificial Flower,http://img6a.flixcart.com/image/artificial-flower/t/s/n/28-exotic-creations-0-000000000000-400x400-imaecn9vfy8zearj.jpeg,1299,1120,https://www.flipkart.com/exotic-creations-golden-rich-dried-bouquet-gold-assorted-artificial-flower/p/itmed9f6vnez4wz4?pid=ARFED9F6GFPCCTSN&affid=affiliate7&affExtParam1=site,Flowers & Vases,flower
32546936-1,RZ Best Flower Two Birds Multicolor Assorted Artificial Flower,http://img5a.flixcart.com/image/artificial-flower/c/k/j/rz-best-flower-pot-2bird-27802-rz-best-flower-400x400-imaed8hatgxzqrgm.jpeg,999,297,https://www.flipkart.com/rz-best-flower-two-birds-multicolor-assorted-artificial/p/itmed8sfegc4kzmp?pid=ARFED8SFZWJHVCKJ&affid=affiliate7&affExtParam1=site,Flowers & Vases,flower
32546945-1,RZ Best Flower Latest Multicolor Assorted Artificial Flower,http://img6a.flixcart.com/image/artificial-flower/z/h/q/rz-best-flower-rpot-rani-27805-rz-best-flower-400x400-imaed8haydhmfq6r.jpeg,1299,298,https://www.flipkart.com/rz-best-flower-latest-multicolor-assorted-artificial/p/itmed8sfs2fcxuwd?pid=ARFED8SFNZ5YCZHQ&affid=affiliate7&affExtParam1=site,Flowers & Vases,flower
32551857-1,Pollination Crystal Carnition Flower Red Assorted Artificial Flower,http://img5a.flixcart.com/image/artificial-flower/f/u/m/cf-007-rx2-pollination-400x400-imaedhymztdtvsay.jpeg,1925,943,https://www.flipkart.com/pollination-crystal-carnition-flower-red-assorted-artificial/p/itmedmzkrywybppf?pid=ARFEDMZKFQMPBFUM&affid=affiliate7&affExtParam1=site,Flowers & Vases,flower
32551886-1,Exotic Creations Adoring Heart Dried Bouquet Multicolor Assorted Artificial Flower,http://img6a.flixcart.com/image/artificial-flower/c/w/y/16-exotic-creations-0-000000000000-400x400-imaecn8fzg9amzkf.jpeg,1299,1120,https://www.flipkart.com/exotic-creations-adoring-heart-dried-bouquet-multicolor-assorted-artificial-flower/p/itmed9f66cx7e4ym?pid=ARFED9F6MYUXNCWY&affid=affiliate7&affExtParam1=site,Flowers & Vases,flower
32551905-1,Pollination Hanging Orchid Flowers Purple Orchids Artificial Flower,http://img5a.flixcart.com/image/artificial-flower/g/r/t/af-358-pux2-pollination-400x400-imaedhymjdxgrpp6.jpeg,1950,1248,https://www.flipkart.com/pollination-hanging-orchid-flowers-purple-orchids-artificial-flower/p/itmedmzkncrzguzb?pid=ARFEDMZKQGGB6GRT&affid=affiliate7&affExtParam1=site,Flowers & Vases,flower
32551910-1,Pollination Rubber Tulip Flowers Yellow Tulips Artificial Flower,http://img6a.flixcart.com/image/artificial-flower/t/f/d/af-391-yx3-pollination-400x400-imaedhymnfkmdmce.jpeg,1238,607,https://www.flipkart.com/pollination-rubber-tulip-flowers-yellow-tulips-artificial-flower/p/itmedmzkuqf3q934?pid=ARFEDMZKMGV2MTFD&affid=affiliate7&affExtParam1=site,Flowers & Vases,flower
32551916-1,Pollination Stock Flowers White Assorted Artificial Flower,http://img6a.flixcart.com/image/artificial-flower/t/c/g/af-327-wx3-pollination-400x400-imaedhymkehzsggg.jpeg,1485,1114,https://www.flipkart.com/pollination-stock-flowers-white-assorted-artificial-flower/p/itmedmzkagcqzcgn?pid=ARFEDMZKM4ZDJTCG&affid=affiliate7&affExtParam1=site,Flowers & Vases,flower
32551927-1,Pollination Orchid Flowers Red Orchids Artificial Flower,http://img6a.flixcart.com/image/artificial-flower/8/r/n/af-265-rx3-pollination-400x400-imaedhymxdggegyc.jpeg,1125,720,https://www.flipkart.com/pollination-orchid-flowers-red-orchids-artificial-flower/p/itmedmzka7gcpmdf?pid=ARFEDMZKTTSSJ8RN&affid=affiliate7&affExtParam1=site,Flowers & Vases,flower
32551960-1,Pollination Crystal Carnition Flower Red Assorted Artificial Flower,http://img5a.flixcart.com/image/artificial-flower/n/t/3/cf-008-rx3-pollination-400x400-imaedhymy75raghz.jpeg,1617,792,https://www.flipkart.com/pollination-crystal-carnition-flower-red-assorted-artificial/p/itmedmzkvgmgqgbh?pid=ARFEDMZKYECKDNT3&affid=affiliate7&affExtParam1=site,Flowers & Vases,flower
32556353-1,Pollination Rubber Tulip Flowers Pink Tulips Artificial Flower,http://img6a.flixcart.com/image/artificial-flower/d/z/g/af-391-px3-pollination-400x400-imaedhynzkpkrfmc.jpeg,1238,607,https://www.flipkart.com/pollination-rubber-tulip-flowers-pink-tulips-artificial-flower/p/itmedmzk9rfhkkb5?pid=ARFEDMZKYZKZWDZG&affid=affiliate7&affExtParam1=site,Flowers & Vases,flower
32571684-1,Pollination Stock Flowers White Assorted Artificial Flower,http://img6a.flixcart.com/image/artificial-flower/y/v/b/af-327-wx4-pollination-400x400-imaedhymkpsvzxz4.jpeg,1980,1485,https://www.flipkart.com/pollination-stock-flowers-white-assorted-artificial-flower/p/itmedmzhhbf6rrhh?pid=ARFEDMZHZX6MGYVB&affid=affiliate7&affExtParam1=site,Flowers & Vases,flower
32571978-1,"Orchard Purple, White Rose Artificial Flower",http://img6a.flixcart.com/image/artificial-flower/r/z/r/orchard1243-orchard-400x400-imaedz7ttxgjvm3x.jpeg,1199,449,https://www.flipkart.com/orchard-purple-white-rose-artificial-flower/p/itmedzauew6hsvzm?pid=ARFEDZAUWWBBURZR&affid=affiliate7&affExtParam1=site,Flowers & Vases,flower
32572348-1,V Creations White Assorted Artificial Flower with Pot,http://img5a.flixcart.com/image/artificial-flower/p/5/2/white-blossoms-v-creations-0-400x400-imaeefdpy2sgbpfq.jpeg,1499,430,https://www.flipkart.com/v-creations-white-assorted-artificial-flower-pot/p/itmee2huyrs6cnwn?pid=ARFEE2HU4SFHKP52&affid=affiliate7&affExtParam1=site,Flowers & Vases,flower
17881274-1,Flowers Forever Mini Lilac Pink Assorted Artificial Flower with Pot,http://img6a.flixcart.com/image/artificial-flower/r/m/d/su-12452-flowers-forever-400x400-imadxq33gxgfqpzd.jpeg,2899,1338,https://www.flipkart.com/flowers-forever-mini-lilac-pink-assorted-artificial-flower-pot/p/itmdxpkandvwyggc?pid=ARFDXPKA4AF8DRMD&affid=affiliate7&affExtParam1=site,Flowers & Vases,flower
17881308-1,Flowers Forever New White Peony Artificial Flower,http://img6a.flixcart.com/image/artificial-flower/g/g/f/an-01107-flowers-forever-400x400-imadxq32qvcbgygx.jpeg,812,280,https://www.flipkart.com/flowers-forever-new-white-peony-artificial-flower/p/itmdxpkahfvhbzhq?pid=ARFDXPKAD3JHMGGF&affid=affiliate7&affExtParam1=site,Flowers & Vases,flower
17881348-1,Flowers Forever Pink Peony Artificial Flower with Pot,http://img6a.flixcart.com/image/artificial-flower/y/5/e/su-12196-flowers-forever-400x400-imadxq32cgwzb8m2.jpeg,1787,825,https://www.flipkart.com/flowers-forever-pink-peony-artificial-flower-pot/p/itmdxpkacezsjjmz?pid=ARFDXPKAGVJDKY5E&affid=affiliate7&affExtParam1=site,Flowers & Vases,flower
17881478-1,Flowers Forever Single Hydrangea Pink Assorted Artificial Flower,http://img5a.flixcart.com/image/artificial-flower/z/n/v/iy-01191-flowers-forever-400x400-imadxq33yhbsrcwn.jpeg,1137,525,https://www.flipkart.com/flowers-forever-single-hydrangea-pink-assorted-artificial-flower/p/itmdxpkaedkxwy2v?pid=ARFDXPKAYM8W3ZNV&affid=affiliate7&affExtParam1=site,Flowers & Vases,flower
17883059-1,Gifts By Meeta White Assorted Artificial Flower with Pot,http://img6a.flixcart.com/image/artificial-flower/a/7/h/gifts4701-gifts-by-meeta-0000000000000-400x400-imae25exqmkzxh2r.jpeg,2035,2010,https://www.flipkart.com/gifts-meeta-white-assorted-artificial-flower-pot/p/itme25zyysane76y?pid=ARFE25ZYHX83NA7H&affid=affiliate7&affExtParam1=site,Flowers & Vases,flower
17883173-1,Kusal Multicolor Assorted Artificial Flower,http://img5a.flixcart.com/image/artificial-flower/w/h/k/kfb-2050-kusal-400x400-imae2k33puhf73rt.jpeg,995,899,https://www.flipkart.com/kusal-multicolor-assorted-artificial-flower/p/itme2nez4zqqq6n6?pid=ARFE2NEZHSHK2WHK&affid=affiliate7&affExtParam1=site,Flowers & Vases,flower
17883558-1,Pollination Orchid White Assorted Artificial Flower,http://img.fkcdn.com/image/artificial-flower/w/s/x/pn-af-116-w-pollination-0000000000000-400x400-imae3tm2hgjahq3r.jpeg,1728,749,https://www.flipkart.com/pollination-orchid-white-assorted-artificial-flower/p/itme3uu2kuygg243?pid=ARFE3UU2A8YDBWSX&affid=affiliate7&affExtParam1=site,Flowers & Vases,flower
17884499-1,Pollination PROTEA Red Assorted Artificial Flower,http://img6a.flixcart.com/image/artificial-flower/j/s/h/af-168-ih-pollination-400x400-imae5d5bgz9ys8q7.jpeg,2352,1035,https://www.flipkart.com/pollination-protea-red-assorted-artificial-flower/p/itme5jh3njnuzxuz?pid=ARFE5DAAGH8KWJSH&affid=affiliate7&affExtParam1=site,Flowers & Vases,flower
17884629-1,Pollination Floating Lotus Yellow Assorted Artificial Flower,http://img6a.flixcart.com/image/artificial-flower/c/7/k/f-lotus-med-y-pollination-400x400-imae5d5bwfqxpevm.jpeg,972,321,https://www.flipkart.com/pollination-floating-lotus-yellow-assorted-artificial-flower/p/itme5gc3hzge9ugz?pid=ARFE5GC3A7TETAZV&affid=affiliate7&affExtParam1=site,Flowers & Vases,flower
17884646-1,Pollination Floating Rose Pink Assorted Artificial Flower,http://img5a.flixcart.com/image/artificial-flower/k/z/3/f-rose-large-pollination-400x400-imae5d5bjgzevbdb.jpeg,2640,1162,https://www.flipkart.com/pollination-floating-rose-pink-assorted-artificial-flower/p/itme5jh3hcf2mgg3?pid=ARFE5GC3HUZ68KZ3&affid=affiliate7&affExtParam1=site,Flowers & Vases,flower
10575191-3,"Giorgio Armani Code for Women, 75ml",https://images-eu.ssl-images-amazon.com/images/I/41oC871OD7L._SL160_.jpg,6499,6499,http://www.amazon.in/dp/B000PY7FRM/ref=asc_df_B000PY7FRM41293952/?tag=indiashopps-21&creative=165953&creativeASIN=B000PY7FRM&linkCode=df0,Fragrances,popular
3482608-3,Gucci Guilty Intense Eau De Parfum Spray 75ml/2.5oz,https://images-eu.ssl-images-amazon.com/images/I/11Z5XNHHxVL._SL160_.jpg,5300,5300,http://www.amazon.in/dp/B009QZE3TE/ref=asc_df_B009QZE3TE41293952/?tag=indiashopps-21&creative=165953&creativeASIN=B009QZE3TE&linkCode=df0,Fragrances,popular
6412575-3,Victoria's Secret Angels Only Perfume Eau De Parfum 1.7 oz,https://images-eu.ssl-images-amazon.com/images/I/41wZKI3CBxL._SL160_.jpg,4602,4602,http://www.amazon.in/dp/B00KLJD6GU/ref=asc_df_B00KLJD6GU41293952/?tag=indiashopps-21&creative=165953&creativeASIN=B00KLJD6GU&linkCode=df0,Fragrances,popular
6276393-5,Fostelo Women's PU Handbag - Maroon,http://stat.homeshop18.com/homeshop18/images/productImages/680/fostelo-womens-pu-handbag-maroon-small_ead1c7338acc5f0886d9083584cd1388.jpg,1799,699,http://www.homeshop18.com/fostelo-women-pu-handbag-maroon/fashion-accessories/women/product:33059949/cid:17313/?pos=135&utm_source=affiliate&utm_medium=OMG&utm_campaign=text,Handbags,popular
617560-16,FOSTELO FSB-209 Purple Shoulder Bags No,https://n1.sdlcdn.com/imgs/b/f/h/FOSTELO-FSB-209-Purple-Shoulder-SDL202178699-1-82ac8.jpg,1499,583,https://www.snapdeal.com/product/fostelo-fsb209-purple-shoulder-bags/228935595?utm_source=aff_prog&utm_campaign=afts&offer_id=17&aff_id=19215,Handbags,popular
4794176-16,FOSTELO FSB-244 Black Shoulder Bags No,https://n1.sdlcdn.com/imgs/b/f/h/FOSTELO-FSB-244-Black-Shoulder-SDL211831665-1-09b7e.jpg,1999,699,https://www.snapdeal.com/product/fostelo-fsb244-black-shoulder-bags/10747210?utm_source=aff_prog&utm_campaign=afts&offer_id=17&aff_id=19215,Handbags,popular
1896546-16,FOSTELO FSB-336 Blue Shoulder Bags,https://n3.sdlcdn.com/imgs/b/f/h/FOSTELO-FSB-336-Blue-Shoulder-SDL785294618-1-172ed.jpg,2999,999,https://www.snapdeal.com/product/fostelo-fsb336-blue-shoulder-bags/680684669288?utm_source=aff_prog&utm_campaign=afts&offer_id=17&aff_id=19215,Handbags,popular
2636588-16,FOSTELO FSB-299 Beige Shoulder Bags,https://n2.sdlcdn.com/imgs/b/f/h/FOSTELO-FSB-299-Beige-Shoulder-SDL482488279-1-8a4f1.jpg,1999,629,https://www.snapdeal.com/product/fostelo-fsb299-beige-shoulder-bags/624435572545?utm_source=aff_prog&utm_campaign=afts&offer_id=17&aff_id=19215,Handbags,popular
18803547-3,Myx Women's Cotton Straight Kurta (AW16ST13A_Peach_Large),https://images-eu.ssl-images-amazon.com/images/I/41yrdvbNHtL._SL160_.jpg,799,359,http://www.amazon.in/dp/B01IXVAMWI/ref=asc_df_B01IXVAMWI41295095/?tag=indiashopps-21&creative=165953&creativeASIN=B01IXVAMWI&linkCode=df0,Kurtas & Kurtis,popular
18806409-3,Myx Women's Cotton Straight Kurta (AW16ST42B_Off-White_Medium),https://images-eu.ssl-images-amazon.com/images/I/41aox3%2B8fOL._SL160_.jpg,1299,777,http://www.amazon.in/dp/B01J5QV90O/ref=asc_df_B01J5QV90O41295095/?tag=indiashopps-21&creative=165953&creativeASIN=B01J5QV90O&linkCode=df0,Kurtas & Kurtis,popular
10324509-3,Cenizas Women's Straight Kurtas,https://images-eu.ssl-images-amazon.com/images/I/512nQ5LhqGL._SL160_.jpg,799,299,http://www.amazon.in/dp/B00LQF9M2A/ref=asc_df_B00LQF9M2A41295095/?tag=indiashopps-21&creative=165953&creativeASIN=B00LQF9M2A&linkCode=df0,Kurtas & Kurtis,popular
10335928-3,Cenizas Women's Straight Kurtas,http://ecx.images-amazon.com/images/I/41cJF28ByVL._SX425_.jpg,999,499,http://www.amazon.in/dp/B010HFM4UG/ref=asc_df_B010HFM4UG38843372/?tag=indiashopps-21&creative=165953&creativeASIN=B010HFM4UG&linkCode=df0,Kurtas & Kurtis,popular
72247-3,"L'Oreal Paris Collection Star Pure Garnet (Sonam Kapoor) Lipstick, 4.2g",https://images-eu.ssl-images-amazon.com/images/I/31bCMlEGTjL._SL160_.jpg,1025,820,http://www.amazon.in/dp/B00RXEA1UA/ref=asc_df_B00RXEA1UA41293952/?tag=indiashopps-21&creative=165953&creativeASIN=B00RXEA1UA&linkCode=df0,Lip Care,popular
79275-3,"Lakme Absolute Matte CL, 3.7 g, Red Envy",https://images-eu.ssl-images-amazon.com/images/I/31drTvo5wIL._SL160_.jpg,750,562,http://www.amazon.in/dp/B010F9E4AC/ref=asc_df_B010F9E4AC41293952/?tag=indiashopps-21&creative=165953&creativeASIN=B010F9E4AC&linkCode=df0,Lip Care,popular
5801494-3,"Maybelline New York Color Sensational Creamy Matte Lip Color, Nude Nuance, 4.2g",http://ecx.images-amazon.com/images/I/31x3Dy2QlBL._SX425_.jpg,575,575,http://www.amazon.in/dp/B00YJJWBUA/ref=asc_df_B00YJJWBUA41293952/?tag=indiashopps-21&creative=165953&creativeASIN=B00YJJWBUA&linkCode=df0,Lip Care,popular
29467-3,"Colorbar Velvet Matte Lipstick, Addictive Magenta, 4.2g",https://images-eu.ssl-images-amazon.com/images/I/31fqhED5d4L._SL160_.jpg,325,260,http://www.amazon.in/dp/B00791ER16/ref=asc_df_B00791ER1641293952/?tag=indiashopps-21&creative=165953&creativeASIN=B00791ER16&linkCode=df0,Lip Care,popular
23020227-1,Lakme Enrich Satins Lip Color 4.3 g,http://img.fkcdn.com/image/lipstick/m/f/3/lakme-4-3-enrich-satins-lip-color-400x400-imaedkk8ezgsrqfh.jpeg,260,234,https://www.flipkart.com/lakme-enrich-satins-lip-color/p/itmekrpcxpuf2j8c?pid=LSKE8FWZYJMTFMF3&affid=affiliate7&affExtParam1=site,Makeup,popular
48459274-1,Sugar SMUDGE ME NOT LIQUID LIPSTICK - 07 Rethink Pink (Fuchsia) 4.5 ml(Fuchsia),http://img.fkcdn.com/image/lipstick/h/c/n/4-5-smudge-me-not-liquid-lipstick-07-rethink-pink-fuchsia-sugar-400x400-imaer9f2y3cscvzk.jpeg,499,499,https://www.flipkart.com/sugar-smudge-me-not-liquid-lipstick-07-rethink-pink-fuchsia/p/itmera58suhdrjyt?pid=LSKERA58P8M8GHCN&affid=affiliate7&affExtParam1=site,Makeup,popular
16358495-3,Sukkhi Stylish Jalebi 4 String Gold Plated Necklace Set For Women,https://images-eu.ssl-images-amazon.com/images/I/516ahbdZF5L._SL160_.jpg,2860,429,http://www.amazon.in/dp/B01LB3MNZO/ref=asc_df_B01LB3MNZO38843129/?tag=indiashopps-21&creative=165953&creativeASIN=B01LB3MNZO&linkCode=df0,Necklace & Sets  ,popular
1801182-3,crunchy fashion Blue Eterno Crystal Pendant Set For Women,https://images-eu.ssl-images-amazon.com/images/I/51QyYqrd4PL._SL160_.jpg,1349,419,http://www.amazon.in/dp/B00K6DBHGW/ref=asc_df_B00K6DBHGW38843129/?tag=indiashopps-21&creative=165953&creativeASIN=B00K6DBHGW&linkCode=df0,Necklace & Sets  ,popular
7137428-3,Cosmetic Makeup Brush Set - 12 Piece Set with Storage Box,https://images-eu.ssl-images-amazon.com/images/I/41cPe2grg9L._SL160_.jpg,580,580,http://www.amazon.in/dp/B01B2VIHGE/ref=asc_df_B01B2VIHGE41294577/?tag=indiashopps-21&creative=165953&creativeASIN=B01B2VIHGE&linkCode=df0,Paintings & Wall Art  ,popular
8973910-3,Mahi CZ Mothers Day Special Gold Plated Mom Pendant for Women PS1101539G,https://images-eu.ssl-images-amazon.com/images/I/41Z0mYZ-LJL._SL160_.jpg,299,209,http://www.amazon.in/dp/B01EBZTUVE/ref=asc_df_B01EBZTUVE38843129/?tag=indiashopps-21&creative=165953&creativeASIN=B01EBZTUVE&linkCode=df0,Pendants,popular
5821651-16,Catwalk Red Flat Sandals,https://n1.sdlcdn.com/imgs/b/z/2/Catwalk-Red-Flat-Sandals-SDL393385343-1-57579.jpg,1495,599,https://www.snapdeal.com/product/catwalk-red-flat-sandals/651231403010?utm_source=aff_prog&utm_campaign=afts&offer_id=17&aff_id=19215,Sandals,popular
15112790-3,BENGAL HANDLOOM Women's Cotton Saree,https://images-eu.ssl-images-amazon.com/images/I/41C8VpQ9TML._SL160_.jpg,1500,1500,http://www.amazon.in/dp/B01CJEIKYM/ref=asc_df_B01CJEIKYM41295095/?tag=indiashopps-21&creative=165953&creativeASIN=B01CJEIKYM&linkCode=df0,Sarees,popular
6989862-7,sarees,http://cdn.shopclues.com/images/thumbnails/6545/320/320/sareeka1851408372411.jpg,1885,349,http://www.shopclues.com/sarees-110.html,sarees,popular
15312267-3,sarees,https://images-eu.ssl-images-amazon.com/images/I/41MxvwNMNPL._SL160_.jpg,1190,1190,http://www.amazon.in/dp/B01N2TGSJM/ref=asc_df_B01N2TGSJM38843372/?tag=indiashopps-21&creative=165953&creativeASIN=B01N2TGSJM&linkCode=df0,sarees,popular
7008334-7,sarees,http://cdn.shopclues.com/images/thumbnails/18701/320/320/saree0061432885119.jpg,1650,1650,http://www.shopclues.com/sarees-495.html,sarees,popular
7400985-22,Sonakshi Sarees Party Wear Net& Georgette Sarees With Sarees,http://images.voonik.com/17449771/sonakshi-sarees-party-wear-net-and-georgette-sarees-product.jpg?1491348628,2400,1215,https://www.voonik.com/recommendations/sonakshi-sarees-party-wear-net-georgette-sarees-with-sarees--4?utm_source=affiliates&utm_medium=omg&utm_campaign=cps_213232_&utm_source=affiliates&utm_medium=omg&utm_campaign=cps_213232_4618CL4384,sarees,popular
7401132-22,Sonakshi Sarees Party Wear Net& Georgette Sarees With Sarees,http://images.voonik.com/48449771/sonakshi-sarees-party-wear-net-and-georgette-sarees-product.jpg?1491355684,2400,1215,https://www.voonik.com/recommendations/sonakshi-sarees-party-wear-net-georgette-sarees-with-sarees--6?utm_source=affiliates&utm_medium=omg&utm_campaign=cps_213232_&utm_source=affiliates&utm_medium=omg&utm_campaign=cps_213232_4618CL4384,sarees,popular
7409017-22,Pushkar Sarees Women's Net Sarees (Multi-Coloured),http://images.voonik.com/6812408/ridham-sarees-multi-coloured-designer-sarees--14-product.jpg?1487269945,2399,999,https://www.voonik.com/recommendations/ridham-sarees-multi-coloured-designer-sarees--14?utm_source=affiliates&utm_medium=omg&utm_campaign=cps_213232_&utm_source=affiliates&utm_medium=omg&utm_campaign=cps_213232_4618CL4384,sarees,popular
7398111-22,Geeta Sarees,http://images.voonik.com/84170131/geeta-sarees-133-product.jpg?1491341085,1599,579,https://www.voonik.com/recommendations/geeta-sarees--55?utm_source=affiliates&utm_medium=omg&utm_campaign=cps_213232_&utm_source=affiliates&utm_medium=omg&utm_campaign=cps_213232_4618CL4384,sarees,popular
4615496-3,Gift for Mothers,http://ecx.images-amazon.com/images/I/51qa3-rskAL._SX425_.jpg,999,549,http://www.amazon.in/dp/B0154U8A2K/ref=asc_df_B0154U8A2K38842808/?tag=indiashopps-21&creative=165953&creativeASIN=B0154U8A2K&linkCode=df0,School Supplies,popular
6106401-7,Mother's Day Gift,http://cdn.shopclues.net/images/thumbnails/11719/200/200/RGMC0231422940645.jpg,950,950,http://www.shopclues.com/moms-cafe-decorative-name-plate.html,Showpieces & Decoratives,popular
7223859-3,"Unique Gifts for Mother, Giftsmate Best Mom Ever Latte Coffee Mug for Mother with Coaster, Gifts for Mother | mother | mom love | mummy",https://images-eu.ssl-images-amazon.com/images/I/41ULx-1fyoL._SL160_.jpg,1349,649,http://www.amazon.in/dp/B00VTOU6WI/ref=asc_df_B00VTOU6WI38843456/?tag=indiashopps-21&creative=165953&creativeASIN=B00VTOU6WI&linkCode=df0,Tableware,gift
7223000-3,"Unique Gifts for Mother, Giftsmate Worlds Best Mom Latte Coffee Mug for Mother with Coaster, Gifts for Mother, Birthday Gifts for Mom",https://images-eu.ssl-images-amazon.com/images/I/41dcKfhLUML._SL160_.jpg,599,599,http://www.amazon.in/dp/B00VTOUDD0/ref=asc_df_B00VTOUDD038843456/?tag=indiashopps-21&creative=165953&creativeASIN=B00VTOUDD0&linkCode=df0,Tableware,gift
7991284-3,"Unique Gifts for Mother, Giftsmate Best Mother Coffee Mug Gift set for Mother with Coaster, Gifts for Mother, Birthday Gifts for Mom",https://images-eu.ssl-images-amazon.com/images/I/41ReY9XKIlL._SL160_.jpg,349,349,http://www.amazon.in/dp/B00VUV41EY/ref=asc_df_B00VUV41EY38843456/?tag=indiashopps-21&creative=165953&creativeASIN=B00VUV41EY&linkCode=df0,Tableware,gift
8514449-3,"Unique Gifts for Mother , Giftsmate Awesome Mom Latte Coffee Mug for Mother with Coaster, Gifts for Mother , Birthday Gifts for Mom",https://images-eu.ssl-images-amazon.com/images/I/41AFjWyhbqL._SL160_.jpg,1349,699,http://www.amazon.in/dp/B00VTOTY3U/ref=asc_df_B00VTOTY3U38843456/?tag=indiashopps-21&creative=165953&creativeASIN=B00VTOTY3U&linkCode=df0,Tableware,gift
6214621-3,Giftsmate Birthday Gifts for Mother.,http://ecx.images-amazon.com/images/I/41RJSWwaunL._SX425_.jpg,399,399,http://www.amazon.in/dp/B00VTOU9TI/ref=asc_df_B00VTOU9TI38843456/?tag=indiashopps-21&creative=165953&creativeASIN=B00VTOU9TI&linkCode=df0,Tableware,gift
7223418-3,"Unique Gifts for Mother , Giftsmate Love You Mom Polka Coffee Mug Gift set for Mother with Coaster, Gifts for Mother, Birthday Gifts for Mom",https://images-eu.ssl-images-amazon.com/images/I/51ago6l7wHL._SL160_.jpg,725,349,http://www.amazon.in/dp/B00VTOUN08/ref=asc_df_B00VTOUN0838843456/?tag=indiashopps-21&creative=165953&creativeASIN=B00VTOUN08&linkCode=df0,Tableware,gift
5202649-3,"Unique Gifts for Mother, Giftsmate No. 1 Mum Coffee Mug Gift set for Mother with Coaster, Gifts for Mother, Birthday Gifts for Mom",http://ecx.images-amazon.com/images/I/41tTcKpGQeL._SX425_.jpg,625,299,http://www.amazon.in/dp/B00CKP7QS2/ref=asc_df_B00CKP7QS238843456/?tag=indiashopps-21&creative=165953&creativeASIN=B00CKP7QS2&linkCode=df0,Tableware,gift
7223669-3,"Unique Gifts for Mother, Giftsmate This Girl is Going to be a Mommy Latte Mug for Mom Latte Coffee Mug for Mother with Coaster, Gifts for Mother, Birthday Gifts for New Mom",http://ecx.images-amazon.com/images/I/41memn204IL._SX425_.jpg,1349,649,http://www.amazon.in/dp/B00VTOU5LU/ref=asc_df_B00VTOU5LU38843456/?tag=indiashopps-21&creative=165953&creativeASIN=B00VTOU5LU&linkCode=df0,Tableware,gift
7222952-3,"Unique Gifts for Mother, Giftsmate Mom is Wow Latte Coffee Mug for Mother with Coaster, Gifts for Mother, Birthday Gifts for Mom",https://images-eu.ssl-images-amazon.com/images/I/41feBdfnM2L._SL160_.jpg,1349,699,http://www.amazon.in/dp/B00VUV7E2K/ref=asc_df_B00VUV7E2K38843456/?tag=indiashopps-21&creative=165953&creativeASIN=B00VUV7E2K&linkCode=df0,Tableware,gift
8514307-3,"Unique Gifts for Mother, Giftsmate Queen Mom Latte Coffee Mug for Mother with Coaster, Gifts for Mother, Birthday Gifts for Mom",https://images-eu.ssl-images-amazon.com/images/I/4128NVPitYL._SL160_.jpg,1349,649,http://www.amazon.in/dp/B00VTOTXKE/ref=asc_df_B00VTOTXKE38843456/?tag=indiashopps-21&creative=165953&creativeASIN=B00VTOTXKE&linkCode=df0,Tableware,gift
8514446-3,"Unique Gifts for Mother, Giftsmate Mom and Daughter Forever Latte Coffee Mug for Mother with Coaster, Gifts for Mother, Birthday Gifts for Mom",http://ecx.images-amazon.com/images/I/41jiK%2BdlXaL._SX425_.jpg,1349,649,http://www.amazon.in/dp/B00VTOUSBW/ref=asc_df_B00VTOUSBW38843456/?tag=indiashopps-21&creative=165953&creativeASIN=B00VTOUSBW&linkCode=df0,Tableware,gift
8514288-3,"Unique Gifts for Mother , Giftsmate Funny Thanks Mom Latte Coffee Mug for Mother with Coaster, Gifts for Mother, Birthday Gifts for Mom",https://images-eu.ssl-images-amazon.com/images/I/41zc16i71PL._SL160_.jpg,1349,649,http://www.amazon.in/dp/B00VTOUEK2/ref=asc_df_B00VTOUEK238843456/?tag=indiashopps-21&creative=165953&creativeASIN=B00VTOUEK2&linkCode=df0,Tableware,gift
8514338-3,"Unique Gifts for Mother, Giftsmate 5 Star Mom Latte Coffee Mug for Mother with Coaster, Gifts for Mother, Birthday Gifts for Mom",http://ecx.images-amazon.com/images/I/41fVbJRLlbL._SX425_.jpg,1349,699,http://www.amazon.in/dp/B00VTOTSUY/ref=asc_df_B00VTOTSUY38843456/?tag=indiashopps-21&creative=165953&creativeASIN=B00VTOTSUY&linkCode=df0,Tableware,gift
8513219-3,"Unique Gifts for Mother, Giftsmate Celebrity Mom Coffee Mug Gift set for Mother with Coaster, Birthday Gifts for Mom",http://ecx.images-amazon.com/images/I/41PMGFHatdL._SX425_.jpg,699,349,http://www.amazon.in/dp/B00CKP8A28/ref=asc_df_B00CKP8A2838843456/?tag=indiashopps-21&creative=165953&creativeASIN=B00CKP8A28&linkCode=df0,Tableware,gift
7223265-3,"Giftsmate Special Mummy Latte Coffee Mug for Mother with Coaster, Birthday Gifts for Mom",http://ecx.images-amazon.com/images/I/41KwvUYypiL._SX425_.jpg,1349,649,http://www.amazon.in/dp/B00VTOU1VY/ref=asc_df_B00VTOU1VY38843456/?tag=indiashopps-21&creative=165953&creativeASIN=B00VTOU1VY&linkCode=df0,Tableware,gift
8513204-3,"Unique Gifts for Mother, Giftsmate Best Mom Ever Coffee Mug Gift set for Mother with Coaster, Gifts for Mother, Birthday Gifts for Mom",http://ecx.images-amazon.com/images/I/51q8cOSm5rL._SX425_.jpg,625,349,http://www.amazon.in/dp/B00CKP7SFI/ref=asc_df_B00CKP7SFI38843456/?tag=indiashopps-21&creative=165953&creativeASIN=B00CKP7SFI&linkCode=df0,Tableware,gift
6213926-3,"Unique Gifts for Mother, Giftsmate Love You Mom Retro Coffee Mug Gift set for Mother with Coaster,Gifts for Mother, Birthday Gifts for Mom",http://ecx.images-amazon.com/images/I/518Yfp1BVpL._SX425_.jpg,725,349,http://www.amazon.in/dp/B00VUV3M12/ref=asc_df_B00VUV3M1238843456/?tag=indiashopps-21&creative=165953&creativeASIN=B00VUV3M12&linkCode=df0,Tableware,gift
8514402-3,"Unique Gifts for Mother, Giftsmate I Love Mom Coffee Mug Gift set for Mother with Coaster, Gifts for Mother, Birthday Gifts for Mom",http://ecx.images-amazon.com/images/I/41389MXSUXL._SX425_.jpg,725,349,http://www.amazon.in/dp/B00VTOUP24/ref=asc_df_B00VTOUP2438843456/?tag=indiashopps-21&creative=165953&creativeASIN=B00VTOUP24&linkCode=df0,Tableware,gift
8514418-3,"Unique Gifts for Mother , Giftsmate Mom's Special Day Coffee Mug Gift set for Mother with Coaster, Gifts for Mother, Birthday Gifts for Mom",https://images-eu.ssl-images-amazon.com/images/I/41CtwyIOHNL._SL160_.jpg,725,349,http://www.amazon.in/dp/B00VUV3WS0/ref=asc_df_B00VUV3WS038843456/?tag=indiashopps-21&creative=165953&creativeASIN=B00VUV3WS0&linkCode=df0,Tableware,gift
2102032-3,"Unique Gifts for Mother, Giftsmate Colorful Best Mom Ever Coffee Mug Gift set for Mother with Coaster, Gifts for Mother, Birthday Gifts for Mom",http://ecx.images-amazon.com/images/I/41ryEMnMCGL._SX425_.jpg,725,399,http://www.amazon.in/dp/B00CKP7K9M/ref=asc_df_B00CKP7K9M38843456/?tag=indiashopps-21&creative=165953&creativeASIN=B00CKP7K9M&linkCode=df0,Tableware,gift
8511715-3,TiedRibbonsÂ® Gifts For Mom Coffee Mug(325ml) with Coaster,https://images-eu.ssl-images-amazon.com/images/I/51C36%2BXALKL._SL160_.jpg,999,499,http://www.amazon.in/dp/B01DUBSODK/ref=asc_df_B01DUBSODK41294577/?tag=indiashopps-21&creative=165953&creativeASIN=B01DUBSODK&linkCode=df0,Tableware,gift
4623202-3,Casio Enticer Analog White Dial Women's Watch - LTP-2087GL-4AVDF (A910),http://ecx.images-amazon.com/images/I/515Xu9k4McL._SX425_.jpg,4795,4795,http://www.amazon.in/dp/B00M1L8VW0/ref=asc_df_B00M1L8VW038842807/?tag=indiashopps-21&creative=165953&creativeASIN=B00M1L8VW0&linkCode=df0,Watches,watch
3444357-3,Invicta Analog Blue Dial Women's Watch - 14361,https://images-eu.ssl-images-amazon.com/images/I/41HjqzYygvL._SL160_.jpg,5130,5130,http://www.amazon.in/dp/B00ATUL4K6/ref=asc_df_B00ATUL4K638842807/?tag=indiashopps-21&creative=165953&creativeASIN=B00ATUL4K6&linkCode=df0,Watches,watch
3437146-3,Sonata Sona Sitara Analog White Dial Women's Watch - NF8073YM01,https://images-eu.ssl-images-amazon.com/images/I/41xpYk77tzL._SL160_.jpg,1539,1539,http://www.amazon.in/dp/B00EY7UL4U/ref=asc_df_B00EY7UL4U38842807/?tag=indiashopps-21&creative=165953&creativeASIN=B00EY7UL4U&linkCode=df0,Watches,watch
34122513-1,Titan 9710SM01 Raga Analog Watch - For Women,http://img6a.flixcart.com/image/watch/z/e/8/9710sm01-titan-400x400-imadmh7ykevu9sdj.jpeg,4637,4637,https://www.flipkart.com/titan-nh9710sm01e-raga-analog-watch-women/p/itmdg2gaya4ggjdt?pid=WATDG2GADHFS3ZE8&affid=affiliate7&affExtParam1=site,Watches,watch
3440231-3,Titan Analog Silver Dial Women Watch - 9971SM01J,https://images-eu.ssl-images-amazon.com/images/I/41pRqbT0OhL._SL160_.jpg,8395,8395,http://www.amazon.in/dp/B00HWTB632/ref=asc_df_B00HWTB63238842807/?tag=indiashopps-21&creative=165953&creativeASIN=B00HWTB632&linkCode=df0,Watches,watch
3444801-3,Titan Analog Beige Dial Women's Watch - 2522YM01,https://images-eu.ssl-images-amazon.com/images/I/41QGBudSelL._SL160_.jpg,1895,1763,http://www.amazon.in/dp/B00ISNQTWO/ref=asc_df_B00ISNQTWO38842807/?tag=indiashopps-21&creative=165953&creativeASIN=B00ISNQTWO&linkCode=df0,Watches,watch
12905101-3,Titan Analog Brown Dial Women's Watch - 2418YM06,https://images-eu.ssl-images-amazon.com/images/I/41MYOPi3uKL._SL160_.jpg,2695,2510,http://www.amazon.in/dp/B01EHDUGBI/ref=asc_df_B01EHDUGBI38842807/?tag=indiashopps-21&creative=165953&creativeASIN=B01EHDUGBI&linkCode=df0,Watches,watch
14478887-3,Titan Analog Purple Dial Women's Watch - 2417YM05,https://images-eu.ssl-images-amazon.com/images/I/41zHuzrTK-L._SL160_.jpg,2495,2105,http://www.amazon.in/dp/B01EHDUGQI/ref=asc_df_B01EHDUGQI38842807/?tag=indiashopps-21&creative=165953&creativeASIN=B01EHDUGQI&linkCode=df0,Watches,watch
